[
    {
        "Name": "Aerospatiale (Nord) 262",
        "IATA": "ND2",
        "ICAO": "N262"
    },
    {
        "Name": "Aerospatiale (Sud Aviation) Se.210 Caravelle",
        "IATA": "CRV",
        "ICAO": "S210"
    },
    {
        "Name": "Aerospatiale SN.601 Corvette",
        "IATA": "NDC",
        "ICAO": "S601"
    },
    {
        "Name": "Aerospatiale\/Alenia ATR 42-300",
        "IATA": "AT4",
        "ICAO": "AT43"
    },
    {
        "Name": "Aerospatiale\/Alenia ATR 42-500",
        "IATA": "AT5",
        "ICAO": "AT45"
    },
    {
        "Name": "Aerospatiale\/Alenia ATR 42-600",
        "IATA": "ATR",
        "ICAO": "AT46"
    },
    {
        "Name": "Aerospatiale\/Alenia ATR 72",
        "IATA": "AT7",
        "ICAO": "AT72"
    },
    {
        "Name": "Airbus A300",
        "IATA": "AB3",
        "ICAO": "A30B"
    },
    {
        "Name": "Airbus A300-600",
        "IATA": "AB6",
        "ICAO": "A306"
    },
    {
        "Name": "Airbus A300-600ST Super Transporter \/ Beluga",
        "IATA": "ABB",
        "ICAO": "A3ST"
    },
    {
        "Name": "Airbus A310",
        "IATA": "310",
        "ICAO": "A310"
    },
    {
        "Name": "Airbus A318",
        "IATA": "318",
        "ICAO": "A318"
    },
    {
        "Name": "Airbus A319",
        "IATA": "319",
        "ICAO": "A319"
    },
    {
        "Name": "Airbus A319neo",
        "IATA": "31N",
        "ICAO": "A19N"
    },
    {
        "Name": "Airbus A320",
        "IATA": "320",
        "ICAO": "A320"
    },
    {
        "Name": "Airbus A320neo",
        "IATA": "32N",
        "ICAO": "A20N"
    },
    {
        "Name": "Airbus A321",
        "IATA": "321",
        "ICAO": "A321"
    },
    {
        "Name": "Airbus A321neo",
        "IATA": "32Q",
        "ICAO": "A21N"
    },
    {
        "Name": "Airbus A330",
        "IATA": "330",
        "ICAO": ""
    },
    {
        "Name": "Airbus A330-200",
        "IATA": "332",
        "ICAO": "A332"
    },
    {
        "Name": "Airbus A330-300",
        "IATA": "333",
        "ICAO": "A333"
    },
    {
        "Name": "Airbus A330-700 Beluga XL",
        "IATA": "",
        "ICAO": "A337"
    },
    {
        "Name": "Airbus A330-800neo",
        "IATA": "338",
        "ICAO": "A338"
    },
    {
        "Name": "Airbus A330-900neo",
        "IATA": "339",
        "ICAO": "A339"
    },
    {
        "Name": "Airbus A340",
        "IATA": "340",
        "ICAO": ""
    },
    {
        "Name": "Airbus A340-200",
        "IATA": "342",
        "ICAO": "A342"
    },
    {
        "Name": "Airbus A340-300",
        "IATA": "343",
        "ICAO": "A343"
    },
    {
        "Name": "Airbus A340-500",
        "IATA": "345",
        "ICAO": "A345"
    },
    {
        "Name": "Airbus A340-600",
        "IATA": "346",
        "ICAO": "A346"
    },
    {
        "Name": "Airbus A350",
        "IATA": "350",
        "ICAO": ""
    },
    {
        "Name": "Airbus A350-1000",
        "IATA": "351",
        "ICAO": "A35K"
    },
    {
        "Name": "Airbus A350-900",
        "IATA": "359",
        "ICAO": "A359"
    },
    {
        "Name": "Airbus A380",
        "IATA": "380",
        "ICAO": ""
    },
    {
        "Name": "Airbus A380-800",
        "IATA": "388",
        "ICAO": "A388"
    },
    {
        "Name": "Antonov AN-12",
        "IATA": "ANF",
        "ICAO": "AN12"
    },
    {
        "Name": "Antonov AN-124 Ruslan",
        "IATA": "A4F",
        "ICAO": "A124"
    },
    {
        "Name": "Antonov AN-140",
        "IATA": "A40",
        "ICAO": "A140"
    },
    {
        "Name": "Antonov An-148",
        "IATA": "A81",
        "ICAO": "A148"
    },
    {
        "Name": "Antonov An-158",
        "IATA": "A58",
        "ICAO": "A158"
    },
    {
        "Name": "Antonov An-225 Mriya",
        "IATA": "A25",
        "ICAO": "A225"
    },
    {
        "Name": "Antonov AN-24",
        "IATA": "AN4",
        "ICAO": "AN24"
    },
    {
        "Name": "Antonov AN-26",
        "IATA": "A26",
        "ICAO": "AN26"
    },
    {
        "Name": "Antonov AN-28",
        "IATA": "A28",
        "ICAO": "AN28"
    },
    {
        "Name": "Antonov AN-30",
        "IATA": "A30",
        "ICAO": "AN30"
    },
    {
        "Name": "Antonov AN-32",
        "IATA": "A32",
        "ICAO": "AN32"
    },
    {
        "Name": "Antonov AN-72",
        "IATA": "AN7",
        "ICAO": "AN72"
    },
    {
        "Name": "Avro RJ100",
        "IATA": "AR1",
        "ICAO": "RJ1H"
    },
    {
        "Name": "Avro RJ70",
        "IATA": "AR7",
        "ICAO": "RJ70"
    },
    {
        "Name": "Avro RJ85",
        "IATA": "AR8",
        "ICAO": "RJ85"
    },
    {
        "Name": "BAe 146",
        "IATA": "146",
        "ICAO": ""
    },
    {
        "Name": "BAe 146-100",
        "IATA": "141",
        "ICAO": "B461"
    },
    {
        "Name": "BAe 146-200",
        "IATA": "142",
        "ICAO": "B462"
    },
    {
        "Name": "BAe 146-300",
        "IATA": "143",
        "ICAO": "B463"
    },
    {
        "Name": "Beechcraft 1900",
        "IATA": "BEH",
        "ICAO": "B190"
    },
    {
        "Name": "Beechcraft Baron",
        "IATA": "",
        "ICAO": "BE58"
    },
    {
        "Name": "Beechcraft Baron \/ 55 Baron",
        "IATA": "",
        "ICAO": "BE55"
    },
    {
        "Name": "Bell 212",
        "IATA": "BH2",
        "ICAO": "B212"
    },
    {
        "Name": "Boeing 707",
        "IATA": "703",
        "ICAO": "B703"
    },
    {
        "Name": "Boeing 717",
        "IATA": "717",
        "ICAO": "B712"
    },
    {
        "Name": "Boeing 720B",
        "IATA": "B72",
        "ICAO": "B720"
    },
    {
        "Name": "Boeing 727",
        "IATA": "727",
        "ICAO": ""
    },
    {
        "Name": "Boeing 727-100",
        "IATA": "721",
        "ICAO": "B721"
    },
    {
        "Name": "Boeing 727-200",
        "IATA": "722",
        "ICAO": "B722"
    },
    {
        "Name": "Boeing 737",
        "IATA": "737",
        "ICAO": ""
    },
    {
        "Name": "Boeing 737 MAX 10",
        "IATA": "7MJ",
        "ICAO": ""
    },
    {
        "Name": "Boeing 737 MAX 7",
        "IATA": "7M7",
        "ICAO": "B37M"
    },
    {
        "Name": "Boeing 737 MAX 8",
        "IATA": "7M8",
        "ICAO": "B38M"
    },
    {
        "Name": "Boeing 737 MAX 9",
        "IATA": "7M9",
        "ICAO": "B39M"
    },
    {
        "Name": "Boeing 737-200",
        "IATA": "732",
        "ICAO": "B732"
    },
    {
        "Name": "Boeing 737-300",
        "IATA": "733",
        "ICAO": "B733"
    },
    {
        "Name": "Boeing 737-400",
        "IATA": "734",
        "ICAO": "B734"
    },
    {
        "Name": "Boeing 737-500",
        "IATA": "735",
        "ICAO": "B735"
    },
    {
        "Name": "Boeing 737-600",
        "IATA": "736",
        "ICAO": "B736"
    },
    {
        "Name": "Boeing 737-700",
        "IATA": "73G",
        "ICAO": "B737"
    },
    {
        "Name": "Boeing 737-800",
        "IATA": "738",
        "ICAO": "B738"
    },
    {
        "Name": "Boeing 737-900",
        "IATA": "739",
        "ICAO": "B739"
    },
    {
        "Name": "Boeing 747",
        "IATA": "747",
        "ICAO": ""
    },
    {
        "Name": "Boeing 747 LCF Dreamlifter",
        "IATA": "74B",
        "ICAO": "BLCF"
    },
    {
        "Name": "Boeing 747-100",
        "IATA": "741",
        "ICAO": "B741"
    },
    {
        "Name": "Boeing 747-200",
        "IATA": "742",
        "ICAO": "B742"
    },
    {
        "Name": "Boeing 747-300",
        "IATA": "743",
        "ICAO": "B743"
    },
    {
        "Name": "Boeing 747-400",
        "IATA": "744",
        "ICAO": "B744"
    },
    {
        "Name": "Boeing 747-400D",
        "IATA": "74J",
        "ICAO": "B74D"
    },
    {
        "Name": "Boeing 747-8",
        "IATA": "748",
        "ICAO": "B748"
    },
    {
        "Name": "Boeing 747SP",
        "IATA": "74L",
        "ICAO": "B74S"
    },
    {
        "Name": "Boeing 747SR",
        "IATA": "74R",
        "ICAO": "B74R"
    },
    {
        "Name": "Boeing 757",
        "IATA": "757",
        "ICAO": ""
    },
    {
        "Name": "Boeing 757-200",
        "IATA": "752",
        "ICAO": "B752"
    },
    {
        "Name": "Boeing 757-300",
        "IATA": "753",
        "ICAO": "B753"
    },
    {
        "Name": "Boeing 767",
        "IATA": "767",
        "ICAO": ""
    },
    {
        "Name": "Boeing 767-200",
        "IATA": "762",
        "ICAO": "B762"
    },
    {
        "Name": "Boeing 767-300",
        "IATA": "763",
        "ICAO": "B763"
    },
    {
        "Name": "Boeing 767-400",
        "IATA": "764",
        "ICAO": "B764"
    },
    {
        "Name": "Boeing 777",
        "IATA": "777",
        "ICAO": ""
    },
    {
        "Name": "Boeing 777-200",
        "IATA": "772",
        "ICAO": "B772"
    },
    {
        "Name": "Boeing 777-200LR",
        "IATA": "77L",
        "ICAO": "B77L"
    },
    {
        "Name": "Boeing 777-300",
        "IATA": "773",
        "ICAO": "B773"
    },
    {
        "Name": "Boeing 777-300ER",
        "IATA": "77W",
        "ICAO": "B77W"
    },
    {
        "Name": "Boeing 777-8",
        "IATA": "778",
        "ICAO": "B778"
    },
    {
        "Name": "Boeing 777-9",
        "IATA": "779",
        "ICAO": "B779"
    },
    {
        "Name": "Boeing 787",
        "IATA": "787",
        "ICAO": ""
    },
    {
        "Name": "Boeing 787-10",
        "IATA": "78J",
        "ICAO": "B78X"
    },
    {
        "Name": "Boeing 787-8",
        "IATA": "788",
        "ICAO": "B788"
    },
    {
        "Name": "Boeing 787-9",
        "IATA": "789",
        "ICAO": "B789"
    },
    {
        "Name": "Bombardier 415",
        "IATA": "",
        "ICAO": "CL2T"
    },
    {
        "Name": "Bombardier BD-100 Challenger 300",
        "IATA": "",
        "ICAO": "CL30"
    },
    {
        "Name": "Bombardier CS100",
        "IATA": "CS1",
        "ICAO": "BCS1"
    },
    {
        "Name": "Bombardier CS300",
        "IATA": "CS3",
        "ICAO": "BCS3"
    },
    {
        "Name": "Bombardier Global Express",
        "IATA": "CCX",
        "ICAO": "GLEX"
    },
    {
        "Name": "British Aerospace (BAC) One Eleven",
        "IATA": "B11",
        "ICAO": "BA11"
    },
    {
        "Name": "British Aerospace 125 series \/ Hawker\/Raytheon 700\/800\/800XP\/850\/900",
        "IATA": "H25",
        "ICAO": "H25B"
    },
    {
        "Name": "British Aerospace 125-1000 series \/ Hawker\/Raytheon 1000",
        "IATA": "H25",
        "ICAO": "H25C"
    },
    {
        "Name": "British Aerospace ATP",
        "IATA": "ATP",
        "ICAO": "ATP"
    },
    {
        "Name": "British Aerospace Jetstream 31",
        "IATA": "J31",
        "ICAO": "JS31"
    },
    {
        "Name": "British Aerospace Jetstream 32",
        "IATA": "J32",
        "ICAO": "JS32"
    },
    {
        "Name": "British Aerospace Jetstream 41",
        "IATA": "J41",
        "ICAO": "JS41"
    },
    {
        "Name": "Canadair Challenger",
        "IATA": "CCJ",
        "ICAO": "CL60"
    },
    {
        "Name": "Canadair CL-44",
        "IATA": "CL4",
        "ICAO": "CL44"
    },
    {
        "Name": "Canadair Regional Jet 100",
        "IATA": "CR1",
        "ICAO": "CRJ1"
    },
    {
        "Name": "Canadair Regional Jet 1000",
        "IATA": "CRK",
        "ICAO": "CRJX"
    },
    {
        "Name": "Canadair Regional Jet 200",
        "IATA": "CR2",
        "ICAO": "CRJ2"
    },
    {
        "Name": "Canadair Regional Jet 700",
        "IATA": "CR7",
        "ICAO": "CRJ7"
    },
    {
        "Name": "Canadair Regional Jet 900",
        "IATA": "CR9",
        "ICAO": "CRJ9"
    },
    {
        "Name": "Cessna 152",
        "IATA": "",
        "ICAO": "C152"
    },
    {
        "Name": "Cessna 172",
        "IATA": "CN1",
        "ICAO": "C172"
    },
    {
        "Name": "Cessna 182 Skylane",
        "IATA": "CN1",
        "ICAO": "C182"
    },
    {
        "Name": "Cessna 208 Caravan",
        "IATA": "CN1",
        "ICAO": "C208"
    },
    {
        "Name": "Cessna 210 Centurion",
        "IATA": "CN1",
        "ICAO": "C210"
    },
    {
        "Name": "Cessna Citation CJ3",
        "IATA": "CNJ",
        "ICAO": "C25B"
    },
    {
        "Name": "Cessna Citation CJ4",
        "IATA": "CNJ",
        "ICAO": "C25C"
    },
    {
        "Name": "Cessna Citation Excel",
        "IATA": "CNJ",
        "ICAO": "C56X"
    },
    {
        "Name": "Cessna Citation I",
        "IATA": "CNJ",
        "ICAO": "C500"
    },
    {
        "Name": "Cessna Citation II",
        "IATA": "CNJ",
        "ICAO": "C550"
    },
    {
        "Name": "Cessna Citation Mustang",
        "IATA": "CNJ",
        "ICAO": "C510"
    },
    {
        "Name": "Cessna Citation Sovereign",
        "IATA": "CNJ",
        "ICAO": "C680"
    },
    {
        "Name": "Cessna Citation X",
        "IATA": "CNJ",
        "ICAO": "C750"
    },
    {
        "Name": "COMAC C-919",
        "IATA": "",
        "ICAO": "C919"
    },
    {
        "Name": "Concorde",
        "IATA": "SSC",
        "ICAO": "CONC"
    },
    {
        "Name": "Dassault Falcon 2000",
        "IATA": "D20",
        "ICAO": "F2TH"
    },
    {
        "Name": "Dassault Falcon 50",
        "IATA": "DF3",
        "ICAO": "FA50"
    },
    {
        "Name": "Dassault Falcon 7X",
        "IATA": "DF7",
        "ICAO": "FA7X"
    },
    {
        "Name": "Dassault Falcon 900",
        "IATA": "DF9",
        "ICAO": "F900"
    },
    {
        "Name": "De Havilland Canada DHC-2 Beaver",
        "IATA": "DHP",
        "ICAO": "DHC2"
    },
    {
        "Name": "De Havilland Canada DHC-2 Turbo-Beaver",
        "IATA": "DHR",
        "ICAO": "DH2T"
    },
    {
        "Name": "De Havilland Canada DHC-3 Otter",
        "IATA": "DHL",
        "ICAO": "DHC3"
    },
    {
        "Name": "De Havilland Canada DHC-4 Caribou",
        "IATA": "DHC",
        "ICAO": "DHC4"
    },
    {
        "Name": "De Havilland Canada DHC-6 Twin Otter",
        "IATA": "DHT",
        "ICAO": "DHC6"
    },
    {
        "Name": "De Havilland Canada DHC-7 Dash 7",
        "IATA": "DH7",
        "ICAO": "DHC7"
    },
    {
        "Name": "De Havilland Canada DHC-8-100 Dash 8 \/ 8Q",
        "IATA": "DH1",
        "ICAO": "DH8A"
    },
    {
        "Name": "De Havilland Canada DHC-8-200 Dash 8 \/ 8Q",
        "IATA": "DH2",
        "ICAO": "DH8B"
    },
    {
        "Name": "De Havilland Canada DHC-8-300 Dash 8",
        "IATA": "DH3",
        "ICAO": "DH8C"
    },
    {
        "Name": "De Havilland Canada DHC-8-400 Dash 8Q",
        "IATA": "DH4",
        "ICAO": "DH8D"
    },
    {
        "Name": "De Havilland DH.104 Dove",
        "IATA": "DHD",
        "ICAO": "DOVE"
    },
    {
        "Name": "De Havilland DH.114 Heron",
        "IATA": "DHH",
        "ICAO": "HERN"
    },
    {
        "Name": "Douglas DC-10",
        "IATA": "D10",
        "ICAO": "DC10"
    },
    {
        "Name": "Douglas DC-3",
        "IATA": "D3F",
        "ICAO": "DC3"
    },
    {
        "Name": "Douglas DC-6",
        "IATA": "D6F",
        "ICAO": "DC6"
    },
    {
        "Name": "Douglas DC-8-50",
        "IATA": "D8T",
        "ICAO": "DC85"
    },
    {
        "Name": "Douglas DC-8-62",
        "IATA": "D8L",
        "ICAO": "DC86"
    },
    {
        "Name": "Douglas DC-8-72",
        "IATA": "D8Q",
        "ICAO": "DC87"
    },
    {
        "Name": "Douglas DC-9-10",
        "IATA": "D91",
        "ICAO": "DC91"
    },
    {
        "Name": "Douglas DC-9-20",
        "IATA": "D92",
        "ICAO": "DC92"
    },
    {
        "Name": "Douglas DC-9-30",
        "IATA": "D93",
        "ICAO": "DC93"
    },
    {
        "Name": "Douglas DC-9-40",
        "IATA": "D94",
        "ICAO": "DC94"
    },
    {
        "Name": "Douglas DC-9-50",
        "IATA": "D95",
        "ICAO": "DC95"
    },
    {
        "Name": "Embraer 170",
        "IATA": "E70",
        "ICAO": "E170"
    },
    {
        "Name": "Embraer 175",
        "IATA": "E75",
        "ICAO": ""
    },
    {
        "Name": "Embraer 175 (long wing)",
        "IATA": "E7W",
        "ICAO": "E75L"
    },
    {
        "Name": "Embraer 175 (short wing)",
        "IATA": "E7W",
        "ICAO": "E75S"
    },
    {
        "Name": "Embraer 190",
        "IATA": "E90",
        "ICAO": "E190"
    },
    {
        "Name": "Embraer 195",
        "IATA": "E95",
        "ICAO": "E195"
    },
    {
        "Name": "Embraer E190-E2",
        "IATA": "290",
        "ICAO": "E290"
    },
    {
        "Name": "Embraer E195-E2",
        "IATA": "295",
        "ICAO": "E295"
    },
    {
        "Name": "Embraer EMB 110 Bandeirante",
        "IATA": "EMB",
        "ICAO": "E110"
    },
    {
        "Name": "Embraer EMB 120 Brasilia",
        "IATA": "EM2",
        "ICAO": "E120"
    },
    {
        "Name": "Embraer Legacy 450",
        "IATA": "",
        "ICAO": "E545"
    },
    {
        "Name": "Embraer Legacy 600",
        "IATA": "ER3",
        "ICAO": "E35L"
    },
    {
        "Name": "Embraer Phenom 100",
        "IATA": "EP1",
        "ICAO": "E50P"
    },
    {
        "Name": "Embraer Phenom 300",
        "IATA": "EP3",
        "ICAO": "E55P"
    },
    {
        "Name": "Embraer RJ135",
        "IATA": "ER3",
        "ICAO": "E135"
    },
    {
        "Name": "Embraer RJ140",
        "IATA": "ERD",
        "ICAO": "E135"
    },
    {
        "Name": "Embraer RJ145",
        "IATA": "ER4",
        "ICAO": "E145"
    },
    {
        "Name": "Fairchild Dornier 328JET",
        "IATA": "FRJ",
        "ICAO": "J328"
    },
    {
        "Name": "Fairchild Dornier Do.228",
        "IATA": "D28",
        "ICAO": "D228"
    },
    {
        "Name": "Fairchild Dornier Do.328",
        "IATA": "D38",
        "ICAO": "D328"
    },
    {
        "Name": "Fokker 100",
        "IATA": "100",
        "ICAO": "F100"
    },
    {
        "Name": "Fokker 50",
        "IATA": "F50",
        "ICAO": "F50"
    },
    {
        "Name": "Fokker 70",
        "IATA": "F70",
        "ICAO": "F70"
    },
    {
        "Name": "Fokker F27 Friendship",
        "IATA": "F27",
        "ICAO": "F27"
    },
    {
        "Name": "Fokker F28 Fellowship",
        "IATA": "F21",
        "ICAO": "F28"
    },
    {
        "Name": "Gulfstream Aerospace G-159 Gulfstream I",
        "IATA": "GRS",
        "ICAO": "G159"
    },
    {
        "Name": "Gulfstream G280",
        "IATA": "GR3",
        "ICAO": "G280"
    },
    {
        "Name": "Gulfstream G650",
        "IATA": "GJ6",
        "ICAO": "GLF6"
    },
    {
        "Name": "Gulfstream IV",
        "IATA": "GJ4",
        "ICAO": "GLF4"
    },
    {
        "Name": "Gulfstream V",
        "IATA": "GJ5",
        "ICAO": "GLF5"
    },
    {
        "Name": "Gulfstream\/Rockwell (Aero) Commander",
        "IATA": "ACP",
        "ICAO": "AC68"
    },
    {
        "Name": "Gulfstream\/Rockwell (Aero) Turbo Commander",
        "IATA": "ACT",
        "ICAO": "AC90"
    },
    {
        "Name": "Harbin Yunshuji Y12",
        "IATA": "YN2",
        "ICAO": "Y12"
    },
    {
        "Name": "Hawker Siddeley HS 748",
        "IATA": "HS7",
        "ICAO": "A748"
    },
    {
        "Name": "Ilyushin IL114",
        "IATA": "I14",
        "ICAO": "I114"
    },
    {
        "Name": "Ilyushin IL18",
        "IATA": "IL8",
        "ICAO": "IL18"
    },
    {
        "Name": "Ilyushin IL62",
        "IATA": "IL6",
        "ICAO": "IL62"
    },
    {
        "Name": "Ilyushin IL76",
        "IATA": "IL7",
        "ICAO": "IL76"
    },
    {
        "Name": "Ilyushin IL86",
        "IATA": "ILW",
        "ICAO": "IL86"
    },
    {
        "Name": "Ilyushin IL96",
        "IATA": "I93",
        "ICAO": "IL96"
    },
    {
        "Name": "Learjet 35",
        "IATA": "LRJ",
        "ICAO": "LJ35"
    },
    {
        "Name": "Learjet 60",
        "IATA": "LRJ",
        "ICAO": "LJ60"
    },
    {
        "Name": "Lockheed L-1011 Tristar",
        "IATA": "L10",
        "ICAO": "L101"
    },
    {
        "Name": "Lockheed L-1049 Super Constellation",
        "IATA": "L49",
        "ICAO": "CONI"
    },
    {
        "Name": "Lockheed L-182 \/ 282 \/ 382 (L-100) Hercules",
        "IATA": "LOH",
        "ICAO": "C130"
    },
    {
        "Name": "Lockheed L-188 Electra",
        "IATA": "LOE",
        "ICAO": "L188"
    },
    {
        "Name": "McDonnell Douglas MD-11",
        "IATA": "M11",
        "ICAO": "MD11"
    },
    {
        "Name": "McDonnell Douglas MD-81",
        "IATA": "M81",
        "ICAO": "MD81"
    },
    {
        "Name": "McDonnell Douglas MD-82",
        "IATA": "M82",
        "ICAO": "MD82"
    },
    {
        "Name": "McDonnell Douglas MD-83",
        "IATA": "M83",
        "ICAO": "MD83"
    },
    {
        "Name": "McDonnell Douglas MD-87",
        "IATA": "M87",
        "ICAO": "MD87"
    },
    {
        "Name": "McDonnell Douglas MD-88",
        "IATA": "M88",
        "ICAO": "MD88"
    },
    {
        "Name": "McDonnell Douglas MD-90",
        "IATA": "M90",
        "ICAO": "MD90"
    },
    {
        "Name": "NAMC YS-11",
        "IATA": "YS1",
        "ICAO": "YS11"
    },
    {
        "Name": "Partenavia P.68",
        "IATA": "PN6",
        "ICAO": "P68"
    },
    {
        "Name": "Pilatus Britten-Norman BN-2A Mk III Trislander",
        "IATA": "BNT",
        "ICAO": "TRIS"
    },
    {
        "Name": "Pilatus Britten-Norman BN-2A\/B Islander",
        "IATA": "BNI",
        "ICAO": "BN2P"
    },
    {
        "Name": "Pilatus PC-12",
        "IATA": "PL2",
        "ICAO": "PC12"
    },
    {
        "Name": "Pilatus PC-6 Turbo Porter",
        "IATA": "PL6",
        "ICAO": "PC6T"
    },
    {
        "Name": "Piper PA-28\u00c2\u00a0(above 200\u00c2\u00a0hp)",
        "IATA": "",
        "ICAO": "P28B"
    },
    {
        "Name": "Piper PA-28\u00c2\u00a0(up to 180\u00c2\u00a0hp)",
        "IATA": "",
        "ICAO": "P28A"
    },
    {
        "Name": "Piper PA-31 Navajo",
        "IATA": "PA2",
        "ICAO": "PA31"
    },
    {
        "Name": "Piper PA-44 Seminole",
        "IATA": "",
        "ICAO": "PA44"
    },
    {
        "Name": "Piper PA-46",
        "IATA": "PAG",
        "ICAO": "PA46"
    },
    {
        "Name": "Saab 2000",
        "IATA": "S20",
        "ICAO": "SB20"
    },
    {
        "Name": "Saab SF340A\/B",
        "IATA": "SF3",
        "ICAO": "SF34"
    },
    {
        "Name": "Shorts SC-5 Belfast",
        "IATA": "SHB",
        "ICAO": "BELF"
    },
    {
        "Name": "Shorts SC-7 Skyvan",
        "IATA": "SHS",
        "ICAO": "SC7"
    },
    {
        "Name": "Shorts SD.330",
        "IATA": "SH3",
        "ICAO": "SH33"
    },
    {
        "Name": "Shorts SD.360",
        "IATA": "SH6",
        "ICAO": "SH36"
    },
    {
        "Name": "Sikorsky S-58T",
        "IATA": "S58",
        "ICAO": "S58T"
    },
    {
        "Name": "Sikorsky S-61",
        "IATA": "S61",
        "ICAO": "S61"
    },
    {
        "Name": "Sikorsky S-76",
        "IATA": "S76",
        "ICAO": "S76"
    },
    {
        "Name": "Sikorsky S-92",
        "IATA": "S92",
        "ICAO": "S92"
    },
    {
        "Name": "Sukhoi Superjet 100-95",
        "IATA": "SU9",
        "ICAO": "SU95"
    },
    {
        "Name": "Tupolev Tu-134",
        "IATA": "TU3",
        "ICAO": "T134"
    },
    {
        "Name": "Tupolev Tu-144",
        "IATA": "",
        "ICAO": "T144"
    },
    {
        "Name": "Tupolev Tu-154",
        "IATA": "TU5",
        "ICAO": "T154"
    },
    {
        "Name": "Tupolev Tu-204",
        "IATA": "T20",
        "ICAO": "T204"
    },
    {
        "Name": "Yakovlev Yak-40",
        "IATA": "YK4",
        "ICAO": "YK40"
    },
    {
        "Name": "Yakovlev Yak-42",
        "IATA": "YK2",
        "ICAO": "YK42"
    }
]